{
	"pokemons":[
		{"id":"1","name":"Bulbasaur","url":"img/pokemons/001.png"},
		{"id":"2","name":"Ivysaur","url":"img/pokemons/002.png"},
		{"id":"3","name":"Venusaur","url":"img/pokemons/003.png"},
		{"id":"4","name":"Charmander","url":"img/pokemons/004.png"},
		{"id":"5","name":"Charmeleon","url":"img/pokemons/005.png"},
		{"id":"6","name":"Charizard","url":"img/pokemons/006.png"},
		{"id":"7","name":"Squirtle","url":"img/pokemons/007.png"},
		{"id":"8","name":"Wartortle","url":"img/pokemons/008.png"},
		{"id":"9","name":"Blastoise","url":"img/pokemons/009.png"},
		{"id":"10","name":"Caterpie","url":"img/pokemons/010.png"},
		{"id":"11","name":"Metapod","url":"img/pokemons/011.png"},
		{"id":"12","name":"Butterfree","url":"img/pokemons/012.png"},
		{"id":"13","name":"Weedle","url":"img/pokemons/013.png"},
		{"id":"14","name":"Kakuna","url":"img/pokemons/014.png"},
		{"id":"15","name":"Beedrill","url":"img/pokemons/015.png"},
		{"id":"16","name":"Pidgey","url":"img/pokemons/016.png"},
		{"id":"17","name":"Pidgeotto","url":"img/pokemons/017.png"},
		{"id":"18","name":"Pidgeot","url":"img/pokemons/018.png"},
		{"id":"19","name":"Rattata","url":"img/pokemons/019.png"},
		{"id":"20","name":"Raticate","url":"img/pokemons/020.png"},
		{"id":"21","name":"Spearow","url":"img/pokemons/021.png"},
		{"id":"22","name":"Fearow","url":"img/pokemons/022.png"},
		{"id":"23","name":"Ekans","url":"img/pokemons/023.png"},
		{"id":"24","name":"Arbok","url":"img/pokemons/024.png"},
		{"id":"25","name":"Pikachu","url":"img/pokemons/025.png"},
		{"id":"26","name":"Raichu","url":"img/pokemons/026.png"},
		{"id":"27","name":"Sandshrew","url":"img/pokemons/027.png"},
		{"id":"28","name":"Sandslash","url":"img/pokemons/028.png"},
		{"id":"29","name":"Nidoran♀","url":"img/pokemons/029.png"},
		{"id":"30","name":"Nidorina","url":"img/pokemons/030.png"},
		{"id":"31","name":"Nidoqueen","url":"img/pokemons/031.png"},
		{"id":"32","name":"Nidoran♂","url":"img/pokemons/032.png"},
		{"id":"33","name":"Nidorino","url":"img/pokemons/033.png"},
		{"id":"34","name":"Nidoking","url":"img/pokemons/034.png"},
		{"id":"35","name":"Clefairy","url":"img/pokemons/035.png"},
		{"id":"36","name":"Clefable","url":"img/pokemons/036.png"},
		{"id":"37","name":"Vulpix","url":"img/pokemons/037.png"},
		{"id":"38","name":"Ninetales","url":"img/pokemons/038.png"},
		{"id":"39","name":"Jigglypuff","url":"img/pokemons/039.png"},
		{"id":"40","name":"Wigglytuff","url":"img/pokemons/040.png"},
		{"id":"41","name":"Zubat","url":"img/pokemons/041.png"},
		{"id":"42","name":"Golbat","url":"img/pokemons/042.png"},
		{"id":"43","name":"Oddish","url":"img/pokemons/043.png"},
		{"id":"44","name":"Gloom","url":"img/pokemons/044.png"},
		{"id":"45","name":"Vileplume","url":"img/pokemons/045.png"},
		{"id":"46","name":"Paras","url":"img/pokemons/046.png"},
		{"id":"47","name":"Parasect","url":"img/pokemons/047.png"},
		{"id":"48","name":"Venonat","url":"img/pokemons/048.png"},
		{"id":"49","name":"Venomoth","url":"img/pokemons/049.png"},
		{"id":"50","name":"Diglett","url":"img/pokemons/050.png"},
		{"id":"51","name":"Dugtrio","url":"img/pokemons/051.png"},
		{"id":"52","name":"Meowth","url":"img/pokemons/052.png"},
		{"id":"53","name":"Persian","url":"img/pokemons/053.png"},
		{"id":"55","name":"Golduck","url":"img/pokemons/055.png"},
		{"id":"54","name":"Psyduck","url":"img/pokemons/054.png"},
		{"id":"56","name":"Mankey","url":"img/pokemons/056.png"},
		{"id":"57","name":"Primeape","url":"img/pokemons/057.png"},
		{"id":"58","name":"Growlithe","url":"img/pokemons/058.png"},
		{"id":"59","name":"Arcanine","url":"img/pokemons/059.png"},
		{"id":"60","name":"Poliwag","url":"img/pokemons/060.png"},
		{"id":"61","name":"Poliwhirl","url":"img/pokemons/061.png"},
		{"id":"62","name":"Poliwrath","url":"img/pokemons/062.png"},
		{"id":"64","name":"Kadabra","url":"img/pokemons/064.png"},
		{"id":"65","name":"Alakazam","url":"img/pokemons/065.png"},
		{"id":"67","name":"Machoke","url":"img/pokemons/067.png"},
		{"id":"63","name":"Abra","url":"img/pokemons/063.png"},
		{"id":"66","name":"Machop","url":"img/pokemons/066.png"},
		{"id":"68","name":"Machamp","url":"img/pokemons/068.png"},
		{"id":"69","name":"Bellsprout","url":"img/pokemons/069.png"},
		{"id":"70","name":"Weepinbell","url":"img/pokemons/070.png"},
		{"id":"71","name":"Victreebel","url":"img/pokemons/071.png"},
		{"id":"72","name":"Tentacool","url":"img/pokemons/072.png"},
		{"id":"73","name":"Tentacruel","url":"img/pokemons/073.png"},
		{"id":"74","name":"Geodude","url":"img/pokemons/074.png"},
		{"id":"75","name":"Graveler","url":"img/pokemons/075.png"},
		{"id":"76","name":"Golem","url":"img/pokemons/076.png"},
		{"id":"77","name":"Ponyta","url":"img/pokemons/077.png"},
		{"id":"78","name":"Rapidash","url":"img/pokemons/078.png"},
		{"id":"79","name":"Slowpoke","url":"img/pokemons/079.png"},
		{"id":"80","name":"Slowbro","url":"img/pokemons/080.png"},
		{"id":"81","name":"Magnemite","url":"img/pokemons/081.png"},
		{"id":"82","name":"Magneton","url":"img/pokemons/082.png"},
		{"id":"84","name":"Doduo","url":"img/pokemons/084.png"},
		{"id":"85","name":"Dodrio","url":"img/pokemons/085.png"},
		{"id":"86","name":"Seel","url":"img/pokemons/086.png"},
		{"id":"87","name":"Dewgong","url":"img/pokemons/087.png"},
		{"id":"88","name":"Grimer","url":"img/pokemons/088.png"},
		{"id":"83","name":"Farfetchd","url":"img/pokemons/083.png"},
		{"id":"89","name":"Muk","url":"img/pokemons/089.png"},
		{"id":"90","name":"Shellder","url":"img/pokemons/090.png"},
		{"id":"91","name":"Cloyster","url":"img/pokemons/091.png"},
		{"id":"93","name":"Haunter","url":"img/pokemons/093.png"},
		{"id":"94","name":"Gengar","url":"img/pokemons/094.png"},
		{"id":"95","name":"Onix","url":"img/pokemons/095.png"},
		{"id":"96","name":"Drowzee","url":"img/pokemons/096.png"},
		{"id":"97","name":"Hypno","url":"img/pokemons/097.png"},
		{"id":"98","name":"Krabby","url":"img/pokemons/098.png"},
		{"id":"99","name":"Kingler","url":"img/pokemons/099.png"},
		{"id":"100","name":"Voltorb","url":"img/pokemons/100.png"},
		{"id":"101","name":"Electrode","url":"img/pokemons/101.png"},
		{"id":"102","name":"Exeggcute","url":"img/pokemons/102.png"},
		{"id":"103","name":"Exeggutor","url":"img/pokemons/103.png"},
		{"id":"104","name":"Cubone","url":"img/pokemons/104.png"},
		{"id":"105","name":"Marowak","url":"img/pokemons/105.png"},
		{"id":"107","name":"Hitmonchan","url":"img/pokemons/107.png"},
		{"id":"106","name":"Hitmonlee","url":"img/pokemons/106.png"},
		{"id":"92","name":"Gastly","url":"img/pokemons/092.png"},
		{"id":"108","name":"Lickitung","url":"img/pokemons/108.png"},
		{"id":"109","name":"Koffing","url":"img/pokemons/109.png"},
		{"id":"110","name":"Weezing","url":"img/pokemons/110.png"},
		{"id":"111","name":"Rhyhorn","url":"img/pokemons/111.png"},
		{"id":"112","name":"Rhydon","url":"img/pokemons/112.png"},
		{"id":"113","name":"Chansey","url":"img/pokemons/113.png"},
		{"id":"114","name":"Tangela","url":"img/pokemons/114.png"},
		{"id":"115","name":"Kangaskhan","url":"img/pokemons/115.png"},
		{"id":"116","name":"Horsea","url":"img/pokemons/116.png"},
		{"id":"117","name":"Seadra","url":"img/pokemons/117.png"},
		{"id":"118","name":"Goldeen","url":"img/pokemons/118.png"},
		{"id":"119","name":"Seaking","url":"img/pokemons/119.png"},
		{"id":"120","name":"Staryu","url":"img/pokemons/120.png"},
		{"id":"121","name":"Starmie","url":"img/pokemons/121.png"},
		{"id":"122","name":"Mr. Mime","url":"img/pokemons/122.png"},
		{"id":"123","name":"Scyther","url":"img/pokemons/123.png"},
		{"id":"124","name":"Jynx","url":"img/pokemons/124.png"},
		{"id":"125","name":"Electabuzz","url":"img/pokemons/125.png"},
		{"id":"126","name":"Magmar","url":"img/pokemons/126.png"},
		{"id":"127","name":"Pinsir","url":"img/pokemons/127.png"},
		{"id":"128","name":"Tauros","url":"img/pokemons/128.png"},
		{"id":"130","name":"Gyarados","url":"img/pokemons/130.png"},
		{"id":"129","name":"Magikarp","url":"img/pokemons/129.png"},
		{"id":"131","name":"Lapras","url":"img/pokemons/131.png"},
		{"id":"132","name":"Ditto","url":"img/pokemons/132.png"},
		{"id":"133","name":"Eevee","url":"img/pokemons/133.png"},
		{"id":"134","name":"Vaporeon","url":"img/pokemons/134.png"},
		{"id":"136","name":"Flareon","url":"img/pokemons/136.png"},
		{"id":"137","name":"Porygon","url":"img/pokemons/137.png"},
		{"id":"138","name":"Omanyte","url":"img/pokemons/138.png"},
		{"id":"139","name":"Omastar","url":"img/pokemons/139.png"},
		{"id":"140","name":"Kabuto","url":"img/pokemons/140.png"},
		{"id":"141","name":"Kabutops","url":"img/pokemons/141.png"},
		{"id":"142","name":"Aerodactyl","url":"img/pokemons/142.png"},
		{"id":"143","name":"Snorlax","url":"img/pokemons/143.png"},
		{"id":"144","name":"Articuno","url":"img/pokemons/144.png"},
		{"id":"145","name":"Zapdos","url":"img/pokemons/145.png"},
		{"id":"146","name":"Moltres","url":"img/pokemons/146.png"},
		{"id":"147","name":"Dratini","url":"img/pokemons/147.png"},
		{"id":"148","name":"Dragonair","url":"img/pokemons/148.png"},
		{"id":"149","name":"Dragonite","url":"img/pokemons/149.png"},
		{"id":"150","name":"Mewtwo","url":"img/pokemons/150.png"},
		{"id":"151","name":"Mew","url":"img/pokemons/151.png"},
		{"id":"152","name":"Chikorita","url":"img/pokemons/152.png"},
		{"id":"153","name":"Bayleef","url":"img/pokemons/153.png"},
		{"id":"154","name":"Meganium","url":"img/pokemons/154.png"},
		{"id":"135","name":"Jolteon","url":"img/pokemons/135.png"},
		{"id":"155","name":"Cyndaquil","url":"img/pokemons/155.png"},
		{"id":"156","name":"Quilava","url":"img/pokemons/156.png"},
		{"id":"157","name":"Typhlosion","url":"img/pokemons/157.png"},
		{"id":"158","name":"Totodile","url":"img/pokemons/158.png"},
		{"id":"159","name":"Croconaw","url":"img/pokemons/159.png"},
		{"id":"160","name":"Feraligatr","url":"img/pokemons/160.png"},
		{"id":"161","name":"Sentret","url":"img/pokemons/161.png"},
		{"id":"162","name":"Furret","url":"img/pokemons/162.png"},
		{"id":"163","name":"Hoothoot","url":"img/pokemons/163.png"},
		{"id":"164","name":"Noctowl","url":"img/pokemons/164.png"},
		{"id":"166","name":"Ledian","url":"img/pokemons/166.png"},
		{"id":"165","name":"Ledyba","url":"img/pokemons/165.png"},
		{"id":"167","name":"Spinarak","url":"img/pokemons/167.png"},
		{"id":"169","name":"Crobat","url":"img/pokemons/169.png"},
		{"id":"168","name":"Ariados","url":"img/pokemons/168.png"},
		{"id":"170","name":"Chinchou","url":"img/pokemons/170.png"},
		{"id":"171","name":"Lanturn","url":"img/pokemons/171.png"},
		{"id":"172","name":"Pichu","url":"img/pokemons/172.png"},
		{"id":"173","name":"Cleffa","url":"img/pokemons/173.png"},
		{"id":"174","name":"Igglybuff","url":"img/pokemons/174.png"},
		{"id":"175","name":"Togepi","url":"img/pokemons/175.png"},
		{"id":"176","name":"Togetic","url":"img/pokemons/176.png"},
		{"id":"177","name":"Natu","url":"img/pokemons/177.png"},
		{"id":"178","name":"Xatu","url":"img/pokemons/178.png"},
		{"id":"179","name":"Mareep","url":"img/pokemons/179.png"},
		{"id":"180","name":"Flaaffy","url":"img/pokemons/180.png"},
		{"id":"181","name":"Ampharos","url":"img/pokemons/181.png"},
		{"id":"182","name":"Bellossom","url":"img/pokemons/182.png"},
		{"id":"183","name":"Marill","url":"img/pokemons/183.png"},
		{"id":"184","name":"Azumarill","url":"img/pokemons/184.png"},
		{"id":"185","name":"Sudowoodo","url":"img/pokemons/185.png"},
		{"id":"186","name":"Politoed","url":"img/pokemons/186.png"},
		{"id":"187","name":"Hoppip","url":"img/pokemons/187.png"},
		{"id":"188","name":"Skiploom","url":"img/pokemons/188.png"},
		{"id":"189","name":"Jumpluff","url":"img/pokemons/189.png"},
		{"id":"190","name":"Aipom","url":"img/pokemons/190.png"},
		{"id":"191","name":"Sunkern","url":"img/pokemons/191.png"},
		{"id":"192","name":"Sunflora","url":"img/pokemons/192.png"},
		{"id":"193","name":"Yanma","url":"img/pokemons/193.png"},
		{"id":"194","name":"Wooper","url":"img/pokemons/194.png"},
		{"id":"195","name":"Quagsire","url":"img/pokemons/195.png"},
		{"id":"197","name":"Umbreon","url":"img/pokemons/197.png"},
		{"id":"196","name":"Espeon","url":"img/pokemons/196.png"},
		{"id":"198","name":"Murkrow","url":"img/pokemons/198.png"},
		{"id":"199","name":"Slowking","url":"img/pokemons/199.png"},
		{"id":"200","name":"Misdreavus","url":"img/pokemons/200.png"},
		{"id":"201","name":"Unown","url":"img/pokemons/201.png"},
		{"id":"202","name":"Wobbuffet","url":"img/pokemons/202.png"},
		{"id":"203","name":"Girafarig","url":"img/pokemons/203.png"},
		{"id":"204","name":"Pineco","url":"img/pokemons/204.png"},
		{"id":"205","name":"Forretress","url":"img/pokemons/205.png"},
		{"id":"206","name":"Dunsparce","url":"img/pokemons/206.png"},
		{"id":"207","name":"Gligar","url":"img/pokemons/207.png"},
		{"id":"208","name":"Steelix","url":"img/pokemons/208.png"},
		{"id":"209","name":"Snubbull","url":"img/pokemons/209.png"},
		{"id":"210","name":"Granbull","url":"img/pokemons/210.png"},
		{"id":"211","name":"Qwilfish","url":"img/pokemons/211.png"},
		{"id":"212","name":"Scizor","url":"img/pokemons/212.png"},
		{"id":"213","name":"Shuckle","url":"img/pokemons/213.png"},
		{"id":"214","name":"Heracross","url":"img/pokemons/214.png"},
		{"id":"215","name":"Sneasel","url":"img/pokemons/215.png"},
		{"id":"216","name":"Teddiursa","url":"img/pokemons/216.png"},
		{"id":"217","name":"Ursaring","url":"img/pokemons/217.png"},
		{"id":"218","name":"Slugma","url":"img/pokemons/218.png"},
		{"id":"219","name":"Magcargo","url":"img/pokemons/219.png"},
		{"id":"220","name":"Swinub","url":"img/pokemons/220.png"},
		{"id":"221","name":"Piloswine","url":"img/pokemons/221.png"},
		{"id":"222","name":"Corsola","url":"img/pokemons/222.png"},
		{"id":"223","name":"Remoraid","url":"img/pokemons/223.png"},
		{"id":"224","name":"Octillery","url":"img/pokemons/224.png"},
		{"id":"225","name":"Delibird","url":"img/pokemons/225.png"},
		{"id":"226","name":"Mantine","url":"img/pokemons/226.png"},
		{"id":"227","name":"Skarmory","url":"img/pokemons/227.png"},
		{"id":"228","name":"Houndour","url":"img/pokemons/228.png"},
		{"id":"229","name":"Houndoom","url":"img/pokemons/229.png"},
		{"id":"230","name":"Kingdra","url":"img/pokemons/230.png"},
		{"id":"231","name":"Phanpy","url":"img/pokemons/231.png"},
		{"id":"232","name":"Donphan","url":"img/pokemons/232.png"},
		{"id":"233","name":"Porygon2","url":"img/pokemons/233.png"},
		{"id":"234","name":"Stantler","url":"img/pokemons/234.png"},
		{"id":"235","name":"Smeargle","url":"img/pokemons/235.png"},
		{"id":"236","name":"Tyrogue","url":"img/pokemons/236.png"},
		{"id":"237","name":"Hitmontop","url":"img/pokemons/237.png"},
		{"id":"238","name":"Smoochum","url":"img/pokemons/238.png"},
		{"id":"239","name":"Elekid","url":"img/pokemons/239.png"},
		{"id":"240","name":"Magby","url":"img/pokemons/240.png"},
		{"id":"241","name":"Miltank","url":"img/pokemons/241.png"},
		{"id":"242","name":"Blissey","url":"img/pokemons/242.png"},
		{"id":"243","name":"Raikou","url":"img/pokemons/243.png"},
		{"id":"244","name":"Entei","url":"img/pokemons/244.png"},
		{"id":"245","name":"Suicune","url":"img/pokemons/245.png"},
		{"id":"246","name":"Larvitar","url":"img/pokemons/246.png"},
		{"id":"247","name":"Pupitar","url":"img/pokemons/247.png"},
		{"id":"248","name":"Tyranitar","url":"img/pokemons/248.png"},
		{"id":"249","name":"Lugia","url":"img/pokemons/249.png"},
		{"id":"250","name":"Ho-Oh","url":"img/pokemons/250.png"},
		{"id":"251","name":"Celebi","url":"img/pokemons/251.png"},
		{"id":"252","name":"Treecko","url":"img/pokemons/252.png"},
		{"id":"253","name":"Grovyle","url":"img/pokemons/253.png"},
		{"id":"254","name":"Sceptile","url":"img/pokemons/254.png"},
		{"id":"255","name":"Torchic","url":"img/pokemons/255.png"},
		{"id":"256","name":"Combusken","url":"img/pokemons/256.png"},
		{"id":"257","name":"Blaziken","url":"img/pokemons/257.png"},
		{"id":"258","name":"Mudkip","url":"img/pokemons/258.png"},
		{"id":"259","name":"Marshtomp","url":"img/pokemons/259.png"},
		{"id":"261","name":"Poochyena","url":"img/pokemons/261.png"},
		{"id":"260","name":"Swampert","url":"img/pokemons/260.png"},
		{"id":"262","name":"Mightyena","url":"img/pokemons/262.png"},
		{"id":"263","name":"Zigzagoon","url":"img/pokemons/263.png"},
		{"id":"264","name":"Linoone","url":"img/pokemons/264.png"},
		{"id":"265","name":"Wurmple","url":"img/pokemons/265.png"},
		{"id":"266","name":"Silcoon","url":"img/pokemons/266.png"},
		{"id":"267","name":"Beautifly","url":"img/pokemons/267.png"},
		{"id":"268","name":"Cascoon","url":"img/pokemons/268.png"},
		{"id":"269","name":"Dustox","url":"img/pokemons/269.png"},
		{"id":"271","name":"Lombre","url":"img/pokemons/271.png"},
		{"id":"270","name":"Lotad","url":"img/pokemons/270.png"},
		{"id":"272","name":"Ludicolo","url":"img/pokemons/272.png"},
		{"id":"273","name":"Seedot","url":"img/pokemons/273.png"},
		{"id":"274","name":"Nuzleaf","url":"img/pokemons/274.png"},
		{"id":"275","name":"Shiftry","url":"img/pokemons/275.png"},
		{"id":"276","name":"Taillow","url":"img/pokemons/276.png"},
		{"id":"277","name":"Swellow","url":"img/pokemons/277.png"},
		{"id":"278","name":"Wingull","url":"img/pokemons/278.png"},
		{"id":"279","name":"Pelipper","url":"img/pokemons/279.png"},
		{"id":"280","name":"Ralts","url":"img/pokemons/280.png"},
		{"id":"281","name":"Kirlia","url":"img/pokemons/281.png"},
		{"id":"282","name":"Gardevoir","url":"img/pokemons/282.png"},
		{"id":"283","name":"Surskit","url":"img/pokemons/283.png"},
		{"id":"285","name":"Shroomish","url":"img/pokemons/285.png"},
		{"id":"284","name":"Masquerain","url":"img/pokemons/284.png"},
		{"id":"287","name":"Slakoth","url":"img/pokemons/287.png"},
		{"id":"286","name":"Breloom","url":"img/pokemons/286.png"},
		{"id":"288","name":"Vigoroth","url":"img/pokemons/288.png"},
		{"id":"289","name":"Slaking","url":"img/pokemons/289.png"},
		{"id":"290","name":"Nincada","url":"img/pokemons/290.png"},
		{"id":"291","name":"Ninjask","url":"img/pokemons/291.png"},
		{"id":"292","name":"Shedinja","url":"img/pokemons/292.png"},
		{"id":"293","name":"Whismur","url":"img/pokemons/293.png"},
		{"id":"294","name":"Loudred","url":"img/pokemons/294.png"},
		{"id":"295","name":"Exploud","url":"img/pokemons/295.png"},
		{"id":"296","name":"Makuhita","url":"img/pokemons/296.png"},
		{"id":"297","name":"Hariyama","url":"img/pokemons/297.png"},
		{"id":"298","name":"Azurill","url":"img/pokemons/298.png"},
		{"id":"299","name":"Nosepass","url":"img/pokemons/299.png"},
		{"id":"300","name":"Skitty","url":"img/pokemons/300.png"},
		{"id":"301","name":"Delcatty","url":"img/pokemons/301.png"},
		{"id":"302","name":"Sableye","url":"img/pokemons/302.png"},
		{"id":"303","name":"Mawile","url":"img/pokemons/303.png"},
		{"id":"304","name":"Aron","url":"img/pokemons/304.png"},
		{"id":"305","name":"Lairon","url":"img/pokemons/305.png"},
		{"id":"306","name":"Aggron","url":"img/pokemons/306.png"},
		{"id":"307","name":"Meditite","url":"img/pokemons/307.png"},
		{"id":"308","name":"Medicham","url":"img/pokemons/308.png"},
		{"id":"309","name":"Electrike","url":"img/pokemons/309.png"},
		{"id":"310","name":"Manectric","url":"img/pokemons/310.png"},
		{"id":"311","name":"Plusle","url":"img/pokemons/311.png"},
		{"id":"312","name":"Minun","url":"img/pokemons/312.png"},
		{"id":"313","name":"Volbeat","url":"img/pokemons/313.png"},
		{"id":"314","name":"Illumise","url":"img/pokemons/314.png"},
		{"id":"315","name":"Roselia","url":"img/pokemons/315.png"},
		{"id":"316","name":"Gulpin","url":"img/pokemons/316.png"},
		{"id":"317","name":"Swalot","url":"img/pokemons/317.png"},
		{"id":"318","name":"Carvanha","url":"img/pokemons/318.png"},
		{"id":"319","name":"Sharpedo","url":"img/pokemons/319.png"},
		{"id":"320","name":"Wailmer","url":"img/pokemons/320.png"},
		{"id":"321","name":"Wailord","url":"img/pokemons/321.png"},
		{"id":"322","name":"Numel","url":"img/pokemons/322.png"},
		{"id":"323","name":"Camerupt","url":"img/pokemons/323.png"},
		{"id":"324","name":"Torkoal","url":"img/pokemons/324.png"},
		{"id":"325","name":"Spoink","url":"img/pokemons/325.png"},
		{"id":"326","name":"Grumpig","url":"img/pokemons/326.png"},
		{"id":"327","name":"Spinda","url":"img/pokemons/327.png"},
		{"id":"328","name":"Trapinch","url":"img/pokemons/328.png"},
		{"id":"329","name":"Vibrava","url":"img/pokemons/329.png"},
		{"id":"330","name":"Flygon","url":"img/pokemons/330.png"},
		{"id":"331","name":"Cacnea","url":"img/pokemons/331.png"},
		{"id":"332","name":"Cacturne","url":"img/pokemons/332.png"},
		{"id":"333","name":"Swablu","url":"img/pokemons/333.png"},
		{"id":"334","name":"Altaria","url":"img/pokemons/334.png"},
		{"id":"335","name":"Zangoose","url":"img/pokemons/335.png"},
		{"id":"336","name":"Seviper","url":"img/pokemons/336.png"},
		{"id":"337","name":"Lunatone","url":"img/pokemons/337.png"},
		{"id":"339","name":"Barboach","url":"img/pokemons/339.png"},
		{"id":"338","name":"Solrock","url":"img/pokemons/338.png"},
		{"id":"340","name":"Whiscash","url":"img/pokemons/340.png"},
		{"id":"341","name":"Corphish","url":"img/pokemons/341.png"},
		{"id":"342","name":"Crawdaunt","url":"img/pokemons/342.png"},
		{"id":"343","name":"Baltoy","url":"img/pokemons/343.png"},
		{"id":"344","name":"Claydol","url":"img/pokemons/344.png"},
		{"id":"345","name":"Lileep","url":"img/pokemons/345.png"},
		{"id":"346","name":"Cradily","url":"img/pokemons/346.png"},
		{"id":"348","name":"Armaldo","url":"img/pokemons/348.png"},
		{"id":"347","name":"Anorith","url":"img/pokemons/347.png"},
		{"id":"349","name":"Feebas","url":"img/pokemons/349.png"},
		{"id":"350","name":"Milotic","url":"img/pokemons/350.png"},
		{"id":"351","name":"Castform","url":"img/pokemons/351.png"},
		{"id":"352","name":"Kecleon","url":"img/pokemons/352.png"},
		{"id":"353","name":"Shuppet","url":"img/pokemons/353.png"},
		{"id":"354","name":"Banette","url":"img/pokemons/354.png"},
		{"id":"355","name":"Duskull","url":"img/pokemons/355.png"},
		{"id":"356","name":"Dusclops","url":"img/pokemons/356.png"},
		{"id":"357","name":"Tropius","url":"img/pokemons/357.png"},
		{"id":"358","name":"Chimecho","url":"img/pokemons/358.png"},
		{"id":"359","name":"Absol","url":"img/pokemons/359.png"},
		{"id":"360","name":"Wynaut","url":"img/pokemons/360.png"},
		{"id":"361","name":"Snorunt","url":"img/pokemons/361.png"},
		{"id":"362","name":"Glalie","url":"img/pokemons/362.png"},
		{"id":"363","name":"Spheal","url":"img/pokemons/363.png"},
		{"id":"364","name":"Sealeo","url":"img/pokemons/364.png"},
		{"id":"365","name":"Walrein","url":"img/pokemons/365.png"},
		{"id":"366","name":"Clamperl","url":"img/pokemons/366.png"},
		{"id":"367","name":"Huntail","url":"img/pokemons/367.png"},
		{"id":"368","name":"Gorebyss","url":"img/pokemons/368.png"},
		{"id":"369","name":"Relicanth","url":"img/pokemons/369.png"},
		{"id":"370","name":"Luvdisc","url":"img/pokemons/370.png"},
		{"id":"372","name":"Shelgon","url":"img/pokemons/372.png"},
		{"id":"371","name":"Bagon","url":"img/pokemons/371.png"},
		{"id":"373","name":"Salamence","url":"img/pokemons/373.png"},
		{"id":"374","name":"Beldum","url":"img/pokemons/374.png"},
		{"id":"375","name":"Metang","url":"img/pokemons/375.png"},
		{"id":"376","name":"Metagross","url":"img/pokemons/376.png"},
		{"id":"377","name":"Regirock","url":"img/pokemons/377.png"},
		{"id":"379","name":"Registeel","url":"img/pokemons/379.png"},
		{"id":"378","name":"Regice","url":"img/pokemons/378.png"},
		{"id":"380","name":"Latias","url":"img/pokemons/380.png"},
		{"id":"381","name":"Latios","url":"img/pokemons/381.png"},
		{"id":"382","name":"Kyogre","url":"img/pokemons/382.png"},
		{"id":"383","name":"Groudon","url":"img/pokemons/383.png"},
		{"id":"385","name":"Jirachi","url":"img/pokemons/385.png"},
		{"id":"384","name":"Rayquaza","url":"img/pokemons/384.png"},
		{"id":"386","name":"Deoxys","url":"img/pokemons/386.png"},
		{"id":"387","name":"Turtwig","url":"img/pokemons/387.png"},
		{"id":"388","name":"Grotle","url":"img/pokemons/388.png"},
		{"id":"389","name":"Torterra","url":"img/pokemons/389.png"},
		{"id":"390","name":"Chimchar","url":"img/pokemons/390.png"},
		{"id":"391","name":"Monferno","url":"img/pokemons/391.png"},
		{"id":"392","name":"Infernape","url":"img/pokemons/392.png"},
		{"id":"393","name":"Piplup","url":"img/pokemons/393.png"},
		{"id":"394","name":"Prinplup","url":"img/pokemons/394.png"},
		{"id":"395","name":"Empoleon","url":"img/pokemons/395.png"},
		{"id":"396","name":"Starly","url":"img/pokemons/396.png"},
		{"id":"397","name":"Staravia","url":"img/pokemons/397.png"},
		{"id":"398","name":"Staraptor","url":"img/pokemons/398.png"},
		{"id":"399","name":"Bidoof","url":"img/pokemons/399.png"},
		{"id":"400","name":"Bibarel","url":"img/pokemons/400.png"},
		{"id":"401","name":"Kricketot","url":"img/pokemons/401.png"},
		{"id":"402","name":"Kricketune","url":"img/pokemons/402.png"},
		{"id":"403","name":"Shinx","url":"img/pokemons/403.png"},
		{"id":"404","name":"Luxio","url":"img/pokemons/404.png"},
		{"id":"405","name":"Luxray","url":"img/pokemons/405.png"},
		{"id":"406","name":"Budew","url":"img/pokemons/406.png"},
		{"id":"407","name":"Roserade","url":"img/pokemons/407.png"},
		{"id":"408","name":"Cranidos","url":"img/pokemons/408.png"},
		{"id":"409","name":"Rampardos","url":"img/pokemons/409.png"},
		{"id":"410","name":"Shieldon","url":"img/pokemons/410.png"},
		{"id":"411","name":"Bastiodon","url":"img/pokemons/411.png"},
		{"id":"412","name":"Burmy","url":"img/pokemons/412.png"},
		{"id":"413","name":"Wormadam","url":"img/pokemons/413.png"},
		{"id":"414","name":"Mothim","url":"img/pokemons/414.png"},
		{"id":"415","name":"Combee","url":"img/pokemons/415.png"},
		{"id":"416","name":"Vespiquen","url":"img/pokemons/416.png"},
		{"id":"417","name":"Pachirisu","url":"img/pokemons/417.png"},
		{"id":"418","name":"Buizel","url":"img/pokemons/418.png"},
		{"id":"419","name":"Floatzel","url":"img/pokemons/419.png"},
		{"id":"420","name":"Cherubi","url":"img/pokemons/420.png"},
		{"id":"421","name":"Cherrim","url":"img/pokemons/421.png"},
		{"id":"422","name":"Shellos","url":"img/pokemons/422.png"},
		{"id":"423","name":"Gastrodon","url":"img/pokemons/423.png"},
		{"id":"424","name":"Ambipom","url":"img/pokemons/424.png"},
		{"id":"425","name":"Drifloon","url":"img/pokemons/425.png"},
		{"id":"426","name":"Drifblim","url":"img/pokemons/426.png"},
		{"id":"427","name":"Buneary","url":"img/pokemons/427.png"},
		{"id":"428","name":"Lopunny","url":"img/pokemons/428.png"},
		{"id":"429","name":"Mismagius","url":"img/pokemons/429.png"},
		{"id":"430","name":"Honchkrow","url":"img/pokemons/430.png"},
		{"id":"431","name":"Glameow","url":"img/pokemons/431.png"},
		{"id":"432","name":"Purugly","url":"img/pokemons/432.png"},
		{"id":"433","name":"Chingling","url":"img/pokemons/433.png"},
		{"id":"434","name":"Stunky","url":"img/pokemons/434.png"},
		{"id":"435","name":"Skuntank","url":"img/pokemons/435.png"},
		{"id":"436","name":"Bronzor","url":"img/pokemons/436.png"},
		{"id":"437","name":"Bronzong","url":"img/pokemons/437.png"},
		{"id":"438","name":"Bonsly","url":"img/pokemons/438.png"},
		{"id":"439","name":"Mime Jr.","url":"img/pokemons/439.png"},
		{"id":"440","name":"Happiny","url":"img/pokemons/440.png"},
		{"id":"441","name":"Chatot","url":"img/pokemons/441.png"},
		{"id":"442","name":"Spiritomb","url":"img/pokemons/442.png"},
		{"id":"443","name":"Gible","url":"img/pokemons/443.png"},
		{"id":"444","name":"Gabite","url":"img/pokemons/444.png"},
		{"id":"445","name":"Garchomp","url":"img/pokemons/445.png"},
		{"id":"446","name":"Munchlax","url":"img/pokemons/446.png"},
		{"id":"447","name":"Riolu","url":"img/pokemons/447.png"},
		{"id":"448","name":"Lucario","url":"img/pokemons/448.png"},
		{"id":"449","name":"Hippopotas","url":"img/pokemons/449.png"},
		{"id":"450","name":"Hippowdon","url":"img/pokemons/450.png"},
		{"id":"451","name":"Skorupi","url":"img/pokemons/451.png"},
		{"id":"452","name":"Drapion","url":"img/pokemons/452.png"},
		{"id":"453","name":"Croagunk","url":"img/pokemons/453.png"},
		{"id":"454","name":"Toxicroak","url":"img/pokemons/454.png"},
		{"id":"455","name":"Carnivine","url":"img/pokemons/455.png"},
		{"id":"456","name":"Finneon","url":"img/pokemons/456.png"},
		{"id":"457","name":"Lumineon","url":"img/pokemons/457.png"},
		{"id":"458","name":"Mantyke","url":"img/pokemons/458.png"},
		{"id":"459","name":"Snover","url":"img/pokemons/459.png"},
		{"id":"460","name":"Abomasnow","url":"img/pokemons/460.png"},
		{"id":"461","name":"Weavile","url":"img/pokemons/461.png"},
		{"id":"462","name":"Magnezone","url":"img/pokemons/462.png"},
		{"id":"463","name":"Lickilicky","url":"img/pokemons/463.png"},
		{"id":"464","name":"Rhyperior","url":"img/pokemons/464.png"},
		{"id":"465","name":"Tangrowth","url":"img/pokemons/465.png"},
		{"id":"466","name":"Electivire","url":"img/pokemons/466.png"},
		{"id":"467","name":"Magmortar","url":"img/pokemons/467.png"},
		{"id":"468","name":"Togekiss","url":"img/pokemons/468.png"},
		{"id":"469","name":"Yanmega","url":"img/pokemons/469.png"},
		{"id":"470","name":"Leafeon","url":"img/pokemons/470.png"},
		{"id":"471","name":"Glaceon","url":"img/pokemons/471.png"},
		{"id":"472","name":"Gliscor","url":"img/pokemons/472.png"},
		{"id":"473","name":"Mamoswine","url":"img/pokemons/473.png"},
		{"id":"474","name":"Porygon-Z","url":"img/pokemons/474.png"},
		{"id":"475","name":"Gallade","url":"img/pokemons/475.png"},
		{"id":"476","name":"Probopass","url":"img/pokemons/476.png"},
		{"id":"477","name":"Dusknoir","url":"img/pokemons/477.png"},
		{"id":"478","name":"Froslass","url":"img/pokemons/478.png"},
		{"id":"479","name":"Rotom","url":"img/pokemons/479.png"},
		{"id":"480","name":"Uxie","url":"img/pokemons/480.png"},
		{"id":"481","name":"Mesprit","url":"img/pokemons/481.png"},
		{"id":"482","name":"Azelf","url":"img/pokemons/482.png"},
		{"id":"483","name":"Dialga","url":"img/pokemons/483.png"},
		{"id":"484","name":"Palkia","url":"img/pokemons/484.png"},
		{"id":"485","name":"Heatran","url":"img/pokemons/485.png"},
		{"id":"486","name":"Regigigas","url":"img/pokemons/486.png"},
		{"id":"487","name":"Giratina","url":"img/pokemons/487.png"},
		{"id":"488","name":"Cresselia","url":"img/pokemons/488.png"},
		{"id":"489","name":"Phione","url":"img/pokemons/489.png"},
		{"id":"490","name":"Manaphy","url":"img/pokemons/490.png"},
		{"id":"491","name":"Darkrai","url":"img/pokemons/491.png"},
		{"id":"492","name":"Shaymin","url":"img/pokemons/492.png"},
		{"id":"493","name":"Arceus","url":"img/pokemons/493.png"},
		{"id":"494","name":"Victini","url":"img/pokemons/494.png"},
		{"id":"495","name":"Snivy","url":"img/pokemons/495.png"},
		{"id":"496","name":"Servine","url":"img/pokemons/496.png"},
		{"id":"497","name":"Serperior","url":"img/pokemons/497.png"},
		{"id":"498","name":"Tepig","url":"img/pokemons/498.png"},
		{"id":"499","name":"Pignite","url":"img/pokemons/499.png"},
		{"id":"500","name":"Emboar","url":"img/pokemons/500.png"},
		{"id":"501","name":"Oshawott","url":"img/pokemons/501.png"},
		{"id":"502","name":"Dewott","url":"img/pokemons/502.png"},
		{"id":"503","name":"Samurott","url":"img/pokemons/503.png"},
		{"id":"504","name":"Patrat","url":"img/pokemons/504.png"},
		{"id":"505","name":"Watchog","url":"img/pokemons/505.png"},
		{"id":"506","name":"Lillipup","url":"img/pokemons/506.png"},
		{"id":"507","name":"Herdier","url":"img/pokemons/507.png"},
		{"id":"508","name":"Stoutland","url":"img/pokemons/508.png"},
		{"id":"509","name":"Purrloin","url":"img/pokemons/509.png"},
		{"id":"510","name":"Liepard","url":"img/pokemons/510.png"},
		{"id":"511","name":"Pansage","url":"img/pokemons/511.png"},
		{"id":"512","name":"Simisage","url":"img/pokemons/512.png"},
		{"id":"513","name":"Pansear","url":"img/pokemons/513.png"},
		{"id":"515","name":"Panpour","url":"img/pokemons/515.png"},
		{"id":"514","name":"Simisear","url":"img/pokemons/514.png"},
		{"id":"516","name":"Simipour","url":"img/pokemons/516.png"},
		{"id":"517","name":"Munna","url":"img/pokemons/517.png"},
		{"id":"518","name":"Musharna","url":"img/pokemons/518.png"},
		{"id":"519","name":"Pidove","url":"img/pokemons/519.png"},
		{"id":"520","name":"Tranquill","url":"img/pokemons/520.png"},
		{"id":"521","name":"Unfezant","url":"img/pokemons/521.png"},
		{"id":"522","name":"Blitzle","url":"img/pokemons/522.png"},
		{"id":"523","name":"Zebstrika","url":"img/pokemons/523.png"},
		{"id":"524","name":"Roggenrola","url":"img/pokemons/524.png"},
		{"id":"525","name":"Boldore","url":"img/pokemons/525.png"},
		{"id":"526","name":"Gigalith","url":"img/pokemons/526.png"},
		{"id":"527","name":"Woobat","url":"img/pokemons/527.png"},
		{"id":"528","name":"Swoobat","url":"img/pokemons/528.png"},
		{"id":"529","name":"Drilbur","url":"img/pokemons/529.png"},
		{"id":"530","name":"Excadrill","url":"img/pokemons/530.png"},
		{"id":"531","name":"Audino","url":"img/pokemons/531.png"},
		{"id":"532","name":"Timburr","url":"img/pokemons/532.png"},
		{"id":"533","name":"Gurdurr","url":"img/pokemons/533.png"},
		{"id":"534","name":"Conkeldurr","url":"img/pokemons/534.png"},
		{"id":"535","name":"Tympole","url":"img/pokemons/535.png"},
		{"id":"536","name":"Palpitoad","url":"img/pokemons/536.png"},
		{"id":"537","name":"Seismitoad","url":"img/pokemons/537.png"},
		{"id":"538","name":"Throh","url":"img/pokemons/538.png"},
		{"id":"539","name":"Sawk","url":"img/pokemons/539.png"},
		{"id":"540","name":"Sewaddle","url":"img/pokemons/540.png"},
		{"id":"541","name":"Swadloon","url":"img/pokemons/541.png"},
		{"id":"542","name":"Leavanny","url":"img/pokemons/542.png"},
		{"id":"544","name":"Whirlipede","url":"img/pokemons/544.png"},
		{"id":"543","name":"Venipede","url":"img/pokemons/543.png"},
		{"id":"545","name":"Scolipede","url":"img/pokemons/545.png"},
		{"id":"546","name":"Cottonee","url":"img/pokemons/546.png"},
		{"id":"547","name":"Whimsicott","url":"img/pokemons/547.png"},
		{"id":"548","name":"Petilil","url":"img/pokemons/548.png"},
		{"id":"549","name":"Lilligant","url":"img/pokemons/549.png"},
		{"id":"550","name":"Basculin","url":"img/pokemons/550.png"},
		{"id":"551","name":"Sandile","url":"img/pokemons/551.png"},
		{"id":"552","name":"Krokorok","url":"img/pokemons/552.png"},
		{"id":"553","name":"Krookodile","url":"img/pokemons/553.png"},
		{"id":"554","name":"Darumaka","url":"img/pokemons/554.png"},
		{"id":"555","name":"Darmanitan","url":"img/pokemons/555.png"},
		{"id":"556","name":"Maractus","url":"img/pokemons/556.png"},
		{"id":"557","name":"Dwebble","url":"img/pokemons/557.png"},
		{"id":"558","name":"Crustle","url":"img/pokemons/558.png"},
		{"id":"559","name":"Scraggy","url":"img/pokemons/559.png"},
		{"id":"560","name":"Scrafty","url":"img/pokemons/560.png"},
		{"id":"561","name":"Sigilyph","url":"img/pokemons/561.png"},
		{"id":"562","name":"Yamask","url":"img/pokemons/562.png"},
		{"id":"563","name":"Cofagrigus","url":"img/pokemons/563.png"},
		{"id":"564","name":"Tirtouga","url":"img/pokemons/564.png"},
		{"id":"566","name":"Archen","url":"img/pokemons/566.png"},
		{"id":"565","name":"Carracosta","url":"img/pokemons/565.png"},
		{"id":"568","name":"Trubbish","url":"img/pokemons/568.png"},
		{"id":"567","name":"Archeops","url":"img/pokemons/567.png"},
		{"id":"569","name":"Garbodor","url":"img/pokemons/569.png"},
		{"id":"570","name":"Zorua","url":"img/pokemons/570.png"},
		{"id":"571","name":"Zoroark","url":"img/pokemons/571.png"},
		{"id":"572","name":"Minccino","url":"img/pokemons/572.png"},
		{"id":"573","name":"Cinccino","url":"img/pokemons/573.png"},
		{"id":"574","name":"Gothita","url":"img/pokemons/574.png"},
		{"id":"575","name":"Gothorita","url":"img/pokemons/575.png"},
		{"id":"576","name":"Gothitelle","url":"img/pokemons/576.png"},
		{"id":"577","name":"Solosis ","url":"img/pokemons/577.png"},
		{"id":"578","name":"Duosion","url":"img/pokemons/578.png"},
		{"id":"579","name":"Reuniclus","url":"img/pokemons/579.png"},
		{"id":"580","name":"Ducklett","url":"img/pokemons/580.png"},
		{"id":"581","name":"Swanna","url":"img/pokemons/581.png"},
		{"id":"582","name":"Vanillite","url":"img/pokemons/582.png"},
		{"id":"583","name":"Vanillish","url":"img/pokemons/583.png"},
		{"id":"584","name":"Vanilluxe","url":"img/pokemons/584.png"},
		{"id":"585","name":"Deerling","url":"img/pokemons/585.png"},
		{"id":"586","name":"Sawsbuck","url":"img/pokemons/586.png"},
		{"id":"587","name":"Emolga","url":"img/pokemons/587.png"},
		{"id":"588","name":"Karrablast","url":"img/pokemons/588.png"},
		{"id":"589","name":"Escavalier","url":"img/pokemons/589.png"},
		{"id":"590","name":"Foongus","url":"img/pokemons/590.png"},
		{"id":"591","name":"Amoonguss","url":"img/pokemons/591.png"},
		{"id":"592","name":"Frillish","url":"img/pokemons/592.png"},
		{"id":"593","name":"Jellicent","url":"img/pokemons/593.png"},
		{"id":"594","name":"Alomomola","url":"img/pokemons/594.png"},
		{"id":"595","name":"Joltik","url":"img/pokemons/595.png"},
		{"id":"596","name":"Galvantula","url":"img/pokemons/596.png"},
		{"id":"597","name":"Ferroseed","url":"img/pokemons/597.png"},
		{"id":"598","name":"Ferrothorn","url":"img/pokemons/598.png"},
		{"id":"599","name":"Klink","url":"img/pokemons/599.png"},
		{"id":"600","name":"Klang","url":"img/pokemons/600.png"},
		{"id":"601","name":"Klinklang","url":"img/pokemons/601.png"},
		{"id":"602","name":"Tynamo","url":"img/pokemons/602.png"},
		{"id":"603","name":"Eelektrik","url":"img/pokemons/603.png"},
		{"id":"604","name":"Eelektross","url":"img/pokemons/604.png"},
		{"id":"605","name":"Elgyem","url":"img/pokemons/605.png"},
		{"id":"606","name":"Beheeyem","url":"img/pokemons/606.png"},
		{"id":"607","name":"Litwick","url":"img/pokemons/607.png"},
		{"id":"608","name":"Lampent","url":"img/pokemons/608.png"},
		{"id":"609","name":"Chandelure","url":"img/pokemons/609.png"},
		{"id":"610","name":"Axew","url":"img/pokemons/610.png"},
		{"id":"611","name":"Fraxure","url":"img/pokemons/611.png"},
		{"id":"612","name":"Haxorus","url":"img/pokemons/612.png"},
		{"id":"613","name":"Cubchoo","url":"img/pokemons/613.png"},
		{"id":"614","name":"Beartic","url":"img/pokemons/614.png"},
		{"id":"615","name":"Cryogonal","url":"img/pokemons/615.png"},
		{"id":"616","name":"Shelmet","url":"img/pokemons/616.png"},
		{"id":"617","name":"Accelgor","url":"img/pokemons/617.png"},
		{"id":"618","name":"Stunfisk","url":"img/pokemons/618.png"},
		{"id":"620","name":"Mienshao","url":"img/pokemons/620.png"},
		{"id":"619","name":"Mienfoo","url":"img/pokemons/619.png"},
		{"id":"621","name":"Druddigon","url":"img/pokemons/621.png"},
		{"id":"622","name":"Golett","url":"img/pokemons/622.png"},
		{"id":"623","name":"Golurk","url":"img/pokemons/623.png"},
		{"id":"624","name":"Pawniard","url":"img/pokemons/624.png"},
		{"id":"625","name":"Bisharp","url":"img/pokemons/625.png"},
		{"id":"626","name":"Bouffalant","url":"img/pokemons/626.png"},
		{"id":"627","name":"Rufflet","url":"img/pokemons/627.png"},
		{"id":"628","name":"Braviary","url":"img/pokemons/628.png"},
		{"id":"629","name":"Vullaby","url":"img/pokemons/629.png"},
		{"id":"630","name":"Mandibuzz","url":"img/pokemons/630.png"},
		{"id":"631","name":"Heatmor","url":"img/pokemons/631.png"},
		{"id":"632","name":"Durant","url":"img/pokemons/632.png"},
		{"id":"633","name":"Deino","url":"img/pokemons/633.png"},
		{"id":"634","name":"Zweilous","url":"img/pokemons/634.png"},
		{"id":"635","name":"Hydreigon","url":"img/pokemons/635.png"},
		{"id":"636","name":"Larvesta","url":"img/pokemons/636.png"},
		{"id":"637","name":"Volcarona","url":"img/pokemons/637.png"},
		{"id":"638","name":"Cobalion","url":"img/pokemons/638.png"},
		{"id":"639","name":"Terrakion","url":"img/pokemons/639.png"},
		{"id":"640","name":"Virizion","url":"img/pokemons/640.png"},
		{"id":"641","name":"Tornadus","url":"img/pokemons/641.png"},
		{"id":"642","name":"Thundurus","url":"img/pokemons/642.png"},
		{"id":"643","name":"Reshiram","url":"img/pokemons/643.png"},
		{"id":"644","name":"Zekrom","url":"img/pokemons/644.png"},
		{"id":"645","name":"Landorus","url":"img/pokemons/645.png"},
		{"id":"646","name":"Kyurem","url":"img/pokemons/646.png"},
		{"id":"647","name":"Keldeo","url":"img/pokemons/647.png"},
		{"id":"648","name":"Meloetta","url":"img/pokemons/648.png"},
		{"id":"649","name":"Genesect","url":"img/pokemons/649.png"}
	]
}
